{"cameraMode":{"drawMode":0,"name":"Shaded","section":"Shading Mode"},"sceneLighting":true,"audioPlay":false,"sceneViewState":{"m_AlwaysRefresh":false,"showFog":true,"showSkybox":true,"showFlares":true,"showImageEffects":true,"showParticleSystems":true,"showVisualEffectGraphs":true,"m_FxEnabled":true},"in2DMode":false,"pivot":{"x":1145.3148193359375,"y":248.53790283203126,"z":893.7781982421875},"rotation":{"x":0.13922283053398133,"y":-0.7122793197631836,"z":0.14759834110736848,"w":0.6719839572906494},"size":90.39318084716797,"orthographic":false}